{"cameraMode":{"drawMode":0,"name":"Shaded","section":"Shading Mode"},"sceneLighting":true,"audioPlay":false,"sceneViewState":{"showFog":false,"showMaterialUpdate":false,"showSkybox":true,"showFlares":true,"showImageEffects":true,"showParticleSystems":true,"showVisualEffectGraphs":true,"m_FxEnabled":true},"in2DMode":false,"pivot":{"x":7.159918785095215,"y":1.4562246799468995,"z":5.605773448944092},"rotation":{"x":-0.02652839384973049,"y":-0.11353758722543717,"z":0.003163284854963422,"w":-0.9933709502220154},"size":0.05128288269042969,"orthographic":false}