{"cameraMode":{"drawMode":0,"name":"Shaded","section":"Shading Mode"},"sceneLighting":true,"audioPlay":false,"sceneViewState":{"showFog":false,"showMaterialUpdate":false,"showSkybox":true,"showFlares":true,"showImageEffects":true,"showParticleSystems":true,"showVisualEffectGraphs":true,"m_FxEnabled":true},"in2DMode":false,"pivot":{"x":0.024632930755615236,"y":1.418377161026001,"z":0.005242496728897095},"rotation":{"x":0.11983709037303925,"y":0.8791255354881287,"z":-0.32797911763191225,"w":0.32689687609672549},"size":0.33656054735183718,"orthographic":false}