{"cameraMode":{"drawMode":0,"name":"Shaded","section":"Shading Mode"},"sceneLighting":true,"audioPlay":false,"sceneViewState":{"showFog":false,"showMaterialUpdate":false,"showSkybox":true,"showFlares":true,"showImageEffects":true,"showParticleSystems":true,"showVisualEffectGraphs":true,"m_FxEnabled":true},"in2DMode":false,"pivot":{"x":7.869999885559082,"y":1.4723989963531495,"z":3.1346182823181154},"rotation":{"x":-0.04736543819308281,"y":-0.7963649034500122,"z":0.061187658458948138,"w":-0.6010684370994568},"size":0.26343944668769839,"orthographic":false}