{"cameraMode":{"drawMode":0,"name":"Shaded","section":"Shading Mode"},"sceneLighting":true,"audioPlay":false,"sceneViewState":{"showFog":false,"showMaterialUpdate":false,"showSkybox":true,"showFlares":true,"showImageEffects":true,"showParticleSystems":true,"showVisualEffectGraphs":true,"m_FxEnabled":true},"in2DMode":false,"pivot":{"x":0.08564972877502442,"y":2.797734498977661,"z":3.748835563659668},"rotation":{"x":0.1597743034362793,"y":0.11163314431905747,"z":-0.01829719915986061,"w":0.9814477562904358},"size":4.4887566566467289,"orthographic":false}