{"cameraMode":{"drawMode":0,"name":"Shaded","section":"Shading Mode"},"sceneLighting":true,"audioPlay":false,"sceneViewState":{"showFog":false,"showMaterialUpdate":false,"showSkybox":true,"showFlares":true,"showImageEffects":true,"showParticleSystems":true,"showVisualEffectGraphs":true,"m_FxEnabled":true},"in2DMode":false,"pivot":{"x":28.769060134887697,"y":2.037522554397583,"z":43.14948272705078},"rotation":{"x":0.004589849151670933,"y":-0.9960037469863892,"z":0.038151174783706668,"w":0.08789261430501938},"size":2.7884504795074465,"orthographic":false}