{"cameraMode":{"drawMode":0,"name":"Shaded","section":"Shading Mode"},"sceneLighting":true,"audioPlay":false,"sceneViewState":{"showFog":false,"showMaterialUpdate":false,"showSkybox":true,"showFlares":true,"showImageEffects":true,"showParticleSystems":true,"showVisualEffectGraphs":true,"m_FxEnabled":true},"in2DMode":false,"pivot":{"x":1.3811264038085938,"y":1.3605244159698487,"z":22.62862777709961},"rotation":{"x":0.014096058905124665,"y":-0.14351166784763337,"z":-0.001180417137220502,"w":-0.9903815984725952},"size":1.9785771369934083,"orthographic":false}