{"cameraMode":{"drawMode":0,"name":"Shaded","section":"Shading Mode"},"sceneLighting":true,"audioPlay":false,"sceneViewState":{"showFog":false,"showMaterialUpdate":false,"showSkybox":true,"showFlares":true,"showImageEffects":true,"showParticleSystems":true,"showVisualEffectGraphs":true,"m_FxEnabled":true},"in2DMode":false,"pivot":{"x":18.567270278930665,"y":-3.489699363708496,"z":34.979644775390628},"rotation":{"x":-0.2886384427547455,"y":-0.14685498178005219,"z":0.046403829008340839,"w":-0.9459513425827026},"size":10.726505279541016,"orthographic":false}