{"cameraMode":{"drawMode":0,"name":"Shaded","section":"Shading Mode"},"sceneLighting":true,"audioPlay":false,"sceneViewState":{"showFog":false,"showMaterialUpdate":false,"showSkybox":true,"showFlares":true,"showImageEffects":true,"showParticleSystems":true,"showVisualEffectGraphs":true,"m_FxEnabled":true},"in2DMode":false,"pivot":{"x":24.287199020385743,"y":1.107595443725586,"z":12.21782112121582},"rotation":{"x":0.008692302741110325,"y":0.4441003203392029,"z":-0.004753607790917158,"w":0.8968285918235779},"size":13.533987045288086,"orthographic":false}