{"cameraMode":{"drawMode":0,"name":"Shaded","section":"Shading Mode"},"sceneLighting":true,"audioPlay":false,"sceneViewState":{"showFog":false,"showMaterialUpdate":false,"showSkybox":true,"showFlares":true,"showImageEffects":true,"showParticleSystems":true,"showVisualEffectGraphs":true,"m_FxEnabled":true},"in2DMode":false,"pivot":{"x":8.846489906311036,"y":0.9280048608779907,"z":-1.7327020168304444},"rotation":{"x":-0.025353481993079187,"y":0.9077357053756714,"z":-0.055331289768218997,"w":-0.4152247905731201},"size":1.1926050186157227,"orthographic":false}