{"cameraMode":{"drawMode":0,"name":"Shaded","section":"Shading Mode"},"sceneLighting":true,"audioPlay":false,"sceneViewState":{"showFog":false,"showMaterialUpdate":false,"showSkybox":true,"showFlares":true,"showImageEffects":true,"showParticleSystems":true,"showVisualEffectGraphs":true,"m_FxEnabled":true},"in2DMode":false,"pivot":{"x":1.468295931816101,"y":2.3152952194213869,"z":-1.6238093376159669},"rotation":{"x":0.009900403209030629,"y":-0.022506289184093477,"z":-0.000008839127076498698,"w":0.9998661875724793},"size":0.007395029067993164,"orthographic":false}