{"cameraMode":{"drawMode":0,"name":"Shaded","section":"Shading Mode"},"sceneLighting":true,"audioPlay":false,"sceneViewState":{"showFog":false,"showMaterialUpdate":false,"showSkybox":true,"showFlares":true,"showImageEffects":true,"showParticleSystems":true,"showVisualEffectGraphs":true,"m_FxEnabled":true},"in2DMode":false,"pivot":{"x":1.8298368453979493,"y":1.6365857124328614,"z":25.120025634765626},"rotation":{"x":-0.0054972670041024689,"y":0.07511302083730698,"z":0.0011355841998010874,"w":-0.9977514147758484},"size":7.324150085449219,"orthographic":false}