{"cameraMode":{"drawMode":0,"name":"Shaded","section":"Shading Mode"},"sceneLighting":true,"audioPlay":false,"sceneViewState":{"showFog":false,"showMaterialUpdate":false,"showSkybox":true,"showFlares":true,"showImageEffects":true,"showParticleSystems":true,"showVisualEffectGraphs":true,"m_FxEnabled":true},"in2DMode":false,"pivot":{"x":-3.696185350418091,"y":1.8198556900024415,"z":3.9612886905670168},"rotation":{"x":0.010180123150348664,"y":-0.7041685581207275,"z":0.008054409176111222,"w":0.7107557654380798},"size":1.3638355731964112,"orthographic":false}