{"cameraMode":{"drawMode":0,"name":"Shaded","section":"Shading Mode"},"sceneLighting":false,"audioPlay":false,"sceneViewState":{"showFog":false,"showMaterialUpdate":false,"showSkybox":true,"showFlares":true,"showImageEffects":true,"showParticleSystems":true},"in2DMode":false,"pivot":{"x":0.0051299999468028549,"y":0.0,"z":0.017899999395012857},"rotation":{"x":-0.04680360481142998,"y":-0.571502149105072,"z":0.032693035900592807,"w":-0.8186122179031372},"size":0.04666906222701073,"orthographic":false}