{"cameraMode":{"drawMode":0,"name":"Shaded","section":"Shading Mode"},"sceneLighting":false,"audioPlay":false,"sceneViewState":{"showFog":false,"showMaterialUpdate":false,"showSkybox":true,"showFlares":true,"showImageEffects":true,"showParticleSystems":true},"in2DMode":false,"pivot":{"x":-2.920884609222412,"y":-9.682050704956055,"z":-10.778654098510743},"rotation":{"x":-0.05102203041315079,"y":0.918521523475647,"z":-0.3711934983730316,"w":-0.1262155920267105},"size":17.475900650024415,"orthographic":false}