{"cameraMode":{"drawMode":0,"name":"Shaded","section":"Shading Mode"},"sceneLighting":true,"audioPlay":false,"sceneViewState":{"showFog":false,"showMaterialUpdate":false,"showSkybox":true,"showFlares":true,"showImageEffects":true,"showParticleSystems":true},"in2DMode":false,"pivot":{"x":2.9194374084472658,"y":2.033172130584717,"z":-11.451281547546387},"rotation":{"x":-0.004498863127082586,"y":0.990106999874115,"z":0.03255664184689522,"w":0.13641101121902467},"size":5.828683376312256,"orthographic":false}