{"cameraMode":{"drawMode":0,"name":"Shaded","section":"Shading Mode"},"sceneLighting":false,"audioPlay":false,"sceneViewState":{"showFog":false,"showMaterialUpdate":false,"showSkybox":true,"showFlares":true,"showImageEffects":true,"showParticleSystems":true},"in2DMode":false,"pivot":{"x":0.0,"y":1.0825999975204468,"z":-0.3319999873638153},"rotation":{"x":0.00488934013992548,"y":0.9821254014968872,"z":-0.18637961149215699,"w":0.02585567720234394},"size":0.3636031448841095,"orthographic":false}