{"cameraMode":{"drawMode":0,"name":"Shaded","section":"Shading Mode"},"sceneLighting":false,"audioPlay":false,"sceneViewState":{"showFog":true,"showMaterialUpdate":false,"showSkybox":true,"showFlares":true,"showImageEffects":true,"showParticleSystems":true},"in2DMode":false,"pivot":{"x":-21.674545288085939,"y":21.461856842041017,"z":-28.85931396484375},"rotation":{"x":-0.17799624800682069,"y":0.2666804790496826,"z":-0.05018455535173416,"w":-0.9458755254745483},"size":6.8812127113342289,"orthographic":false}