{"cameraMode":{"drawMode":0,"name":"Shaded","section":"Shading Mode"},"sceneLighting":false,"audioPlay":false,"sceneViewState":{"showFog":true,"showMaterialUpdate":false,"showSkybox":true,"showFlares":true,"showImageEffects":true,"showParticleSystems":true},"in2DMode":false,"pivot":{"x":-0.12823840975761414,"y":1.4061784744262696,"z":-1.8106549978256226},"rotation":{"x":-0.0992206409573555,"y":0.22369931638240815,"z":-0.022897638380527498,"w":-0.9693243503570557},"size":0.6858921051025391,"orthographic":false}