{"cameraMode":{"drawMode":0,"name":"Shaded","section":"Shading Mode"},"sceneLighting":false,"audioPlay":false,"sceneViewState":{"showFog":false,"showMaterialUpdate":false,"showSkybox":true,"showFlares":true,"showImageEffects":true,"showParticleSystems":true},"in2DMode":false,"pivot":{"x":5.960464477539063e-8,"y":1.2999999523162842,"z":-0.4076250493526459},"rotation":{"x":-0.04508081451058388,"y":0.005288143176585436,"z":-0.0002244051720481366,"w":-0.998969316482544},"size":1.1716831922531129,"orthographic":false}