{"cameraMode":{"drawMode":0,"name":"Shaded","section":"Shading Mode"},"sceneLighting":false,"audioPlay":false,"sceneViewState":{"showFog":false,"showMaterialUpdate":false,"showSkybox":true,"showFlares":true,"showImageEffects":true,"showParticleSystems":true},"in2DMode":false,"pivot":{"x":19.023298263549806,"y":1.1820499897003174,"z":23.64628791809082},"rotation":{"x":-0.05433621630072594,"y":-0.7496687173843384,"z":0.06205793470144272,"w":-0.6566531658172607},"size":22.0,"orthographic":false}