{"cameraMode":{"drawMode":0,"name":"Shaded","section":"Shading Mode"},"sceneLighting":false,"audioPlay":false,"sceneViewState":{"showFog":false,"showMaterialUpdate":false,"showSkybox":true,"showFlares":true,"showImageEffects":true,"showParticleSystems":true},"in2DMode":false,"pivot":{"x":-0.0924224853515625,"y":0.5012283325195313,"z":0.1713714599609375},"rotation":{"x":-0.17787599563598634,"y":0.24067412316799165,"z":-0.044902022927999499,"w":-0.9531106352806091},"size":179.2358856201172,"orthographic":false}