{"cameraMode":{"drawMode":0,"name":"Shaded","section":"Shading Mode"},"sceneLighting":false,"audioPlay":false,"sceneViewState":{"showFog":false,"showMaterialUpdate":false,"showSkybox":true,"showFlares":true,"showImageEffects":true,"showParticleSystems":true},"in2DMode":false,"pivot":{"x":934.3722534179688,"y":590.6289672851563,"z":-128.164794921875},"rotation":{"x":-0.36918801069259646,"y":-0.13761082291603089,"z":0.05539371073246002,"w":-0.917439341545105},"size":248.4989776611328,"orthographic":false}